           YEAR,           JDAY,        QOMEAS1,         QOSIM1,        QOMEAS2,         QOSIM2,
           1980,              1,   15.00000    ,   965.7876    ,  -1.000000    ,   551.1157    ,
           1980,              2,   15.00000    ,   776.7473    ,  -1.000000    ,   73.17786    ,
           1980,              3,   13.30000    ,   130.0511    ,  -1.000000    ,   1.244753    ,
           1980,              4,   11.80000    ,   4.023198    ,  -1.000000    ,  0.3549832    ,
           1980,              5,   12.90000    ,   1.571938    ,  -1.000000    ,  0.2986286    ,
           1980,              6,   13.50000    ,   1.135241    ,  -1.000000    ,  0.3373145    ,
           1980,              7,   13.00000    ,   1.100794    ,  -1.000000    ,  0.3948672    ,
           1980,              8,   13.00000    ,   1.207638    ,  -1.000000    ,  0.4525987    ,
           1980,              9,   12.80000    ,   1.360078    ,  -1.000000    ,  0.5059206    ,
           1980,             10,   12.60000    ,   1.514512    ,  -1.000000    ,  0.5545184    ,
           1980,             11,   11.80000    ,   1.657176    ,  -1.000000    ,  0.5991036    ,
           1980,             12,   10.40000    ,   1.786898    ,  -1.000000    ,  0.6403515    ,
           1980,             13,   10.10000    ,   1.905427    ,  -1.000000    ,  0.6786742    ,
           1980,             14,   10.60000    ,   2.014522    ,  -1.000000    ,  0.7143519    ,
           1980,             15,   10.40000    ,   2.115455    ,  -1.000000    ,  0.7476380    ,
           1980,             16,   10.40000    ,   2.209172    ,  -1.000000    ,  0.7787462    ,
           1980,             17,   10.70000    ,   2.296416    ,  -1.000000    ,  0.8078432    ,
           1980,             18,   10.90000    ,   2.377702    ,  -1.000000    ,  0.8350120    ,
           1980,             19,   11.30000    ,   2.453336    ,  -1.000000    ,  0.8603025    ,
           1980,             20,   10.50000    ,   2.523486    ,  -1.000000    ,  0.8837323    ,
           1980,             21,   9.520000    ,   2.588234    ,  -1.000000    ,  0.9053266    ,
           1980,             22,   10.20000    ,   2.647732    ,  -1.000000    ,  0.9251482    ,
           1980,             23,   10.80000    ,   2.702208    ,  -1.000000    ,  0.9432984    ,
           1980,             24,   10.10000    ,   2.751961    ,  -1.000000    ,  0.9598953    ,
           1980,             25,   9.450000    ,   2.797379    ,  -1.000000    ,  0.9751065    ,
           1980,             26,   9.030000    ,   2.838935    ,  -1.000000    ,  0.9891126    ,
           1980,             27,   9.490000    ,   2.877069    ,  -1.000000    ,   1.002035    ,
           1980,             28,   10.20000    ,   2.912051    ,  -1.000000    ,   1.013909    ,
           1980,             29,   9.730000    ,   2.943657    ,  -1.000000    ,   1.024716    ,
           1980,             30,   9.140000    ,   2.971561    ,  -1.000000    ,   1.034443    ,
           1980,             31,   9.070000    ,   2.995652    ,  -1.000000    ,   1.043065    ,
           1980,             32,   9.110000    ,   3.015925    ,  -1.000000    ,   1.050599    ,
           1980,             33,   9.600000    ,   3.032547    ,  -1.000000    ,   1.057063    ,
           1980,             34,   9.890000    ,   3.045996    ,  -1.000000    ,   1.062566    ,
           1980,             35,   9.710000    ,   3.056853    ,  -1.000000    ,   1.067233    ,
           1980,             36,   9.210000    ,   3.065707    ,  -1.000000    ,   1.071232    ,
           1980,             37,   9.130000    ,   3.072724    ,  -1.000000    ,   1.074614    ,
           1980,             38,   9.330000    ,   3.077937    ,  -1.000000    ,   1.077109    ,
           1980,             39,   10.00000    ,   3.081462    ,  -1.000000    ,   1.078808    ,
           1980,             40,   10.20000    ,   3.083001    ,  -1.000000    ,   1.079464    ,
           1980,             41,   10.50000    ,   3.081861    ,  -1.000000    ,   1.079506    ,
           1980,             42,   10.10000    ,   3.078200    ,  -1.000000    ,   1.078496    ,
           1980,             43,   9.000000    ,   3.071724    ,  -1.000000    ,   1.075730    ,
           1980,             44,   8.800000    ,   3.062289    ,  -1.000000    ,   1.072304    ,
           1980,             45,   8.900000    ,   3.051095    ,  -1.000000    ,   1.068274    ,
           1980,             46,   9.000000    ,   3.038985    ,  -1.000000    ,   1.063788    ,
           1980,             47,   9.200000    ,   3.025975    ,  -1.000000    ,   1.058767    ,
           1980,             48,   9.500000    ,   3.012199    ,  -1.000000    ,   1.053515    ,
           1980,             49,   9.700000    ,   2.997897    ,  -1.000000    ,   1.048283    ,
           1980,             50,   10.00000    ,   2.983394    ,  -1.000000    ,   1.043082    ,
           1980,             51,   10.40000    ,   2.968881    ,  -1.000000    ,   1.037915    ,
           1980,             52,   10.80000    ,   2.954445    ,  -1.000000    ,   1.032779    ,
           1980,             53,   11.20000    ,   2.940086    ,  -1.000000    ,   1.027676    ,
           1980,             54,   11.50000    ,   2.925803    ,  -1.000000    ,   1.022604    ,
           1980,             55,   11.50000    ,   2.911625    ,  -1.000000    ,   1.017564    ,
           1980,             56,   11.00000    ,   2.897519    ,  -1.000000    ,   1.012556    ,
           1980,             57,   9.960000    ,   2.883508    ,  -1.000000    ,   1.007578    ,
           1980,             58,   9.420000    ,   2.869588    ,  -1.000000    ,   1.002632    ,
           1980,             59,   9.570000    ,   2.855736    ,  -1.000000    ,  0.9977164    ,
           1980,             60,   9.730000    ,   2.841989    ,  -1.000000    ,  0.9928312    ,
           1980,             61,   9.730000    ,   2.828305    ,  -1.000000    ,  0.9879763    ,
           1980,             62,   9.650000    ,   2.814717    ,  -1.000000    ,  0.9831513    ,
           1980,             63,   9.540000    ,   2.801214    ,  -1.000000    ,  0.9783566    ,
           1980,             64,   9.480000    ,   2.787781    ,  -1.000000    ,  0.9735908    ,
           1980,             65,   9.330000    ,   2.774450    ,  -1.000000    ,  0.9688552    ,
           1980,             66,   9.270000    ,   2.761180    ,  -1.000000    ,  0.9641483    ,
           1980,             67,   9.150000    ,   2.747998    ,  -1.000000    ,  0.9594705    ,
           1980,             68,   9.140000    ,   2.734899    ,  -1.000000    ,  0.9548214    ,
           1980,             69,   8.970000    ,   2.721866    ,  -1.000000    ,  0.9502013    ,
           1980,             70,   9.200000    ,   2.708928    ,  -1.000000    ,  0.9456093    ,
           1980,             71,   9.440000    ,   2.696068    ,  -1.000000    ,  0.9410456    ,
           1980,             72,   9.410000    ,   2.683267    ,  -1.000000    ,  0.9365096    ,
           1980,             73,   9.160000    ,   2.670568    ,  -1.000000    ,  0.9320014    ,
           1980,             74,   8.990000    ,   2.657923    ,  -1.000000    ,  0.9275209    ,
           1980,             75,   8.950000    ,   2.645365    ,  -1.000000    ,  0.9230676    ,
           1980,             76,   8.790000    ,   2.632886    ,  -1.000000    ,  0.9186414    ,
           1980,             77,   8.950000    ,   2.620467    ,  -1.000000    ,  0.9142421    ,
           1980,             78,   8.910000    ,   2.608139    ,  -1.000000    ,  0.9098695    ,
           1980,             79,   8.900000    ,   2.595884    ,  -1.000000    ,  0.9055235    ,
           1980,             80,   9.010000    ,   2.583685    ,  -1.000000    ,  0.9012036    ,
           1980,             81,   8.800000    ,   2.571578    ,  -1.000000    ,  0.8969105    ,
           1980,             82,   8.940000    ,   2.559530    ,  -1.000000    ,  0.8926429    ,
           1980,             83,   8.830000    ,   2.547554    ,  -1.000000    ,  0.8884006    ,
           1980,             84,   9.000000    ,   2.535660    ,  -1.000000    ,  0.8841844    ,
           1980,             85,   8.950000    ,   2.523833    ,  -1.000000    ,  0.8799933    ,
           1980,             86,   8.980000    ,   2.512060    ,  -1.000000    ,  0.8758278    ,
           1980,             87,   8.920000    ,   2.500386    ,  -1.000000    ,  0.8716874    ,
           1980,             88,   8.990000    ,   2.488752    ,  -1.000000    ,  0.8675714    ,
           1980,             89,   9.160000    ,   2.477198    ,  -1.000000    ,  0.8634799    ,
           1980,             90,   9.080000    ,   2.465717    ,  -1.000000    ,  0.8594133    ,
           1980,             91,   8.820000    ,   2.454295    ,  -1.000000    ,  0.8553710    ,
           1980,             92,   8.790000    ,   2.442942    ,  -1.000000    ,  0.8513541    ,
           1980,             93,   9.000000    ,   2.431664    ,  -1.000000    ,  0.8473580    ,
           1980,             94,   9.220000    ,   2.420443    ,  -1.000000    ,  0.8433873    ,
           1980,             95,   9.220000    ,   2.409302    ,  -1.000000    ,  0.8394397    ,
           1980,             96,   9.430000    ,   2.400436    ,  -1.000000    ,  0.8355255    ,
           1980,             97,   9.480000    ,   2.390633    ,  -1.000000    ,  0.8316172    ,
           1980,             98,   9.150000    ,   2.376539    ,  -1.000000    ,  0.8277407    ,
           1980,             99,   8.820000    ,   2.365366    ,  -1.000000    ,  0.8238847    ,
           1980,            100,   9.000000    ,   2.354505    ,  -1.000000    ,  0.8200533    ,
           1980,            101,   9.290000    ,   2.343731    ,  -1.000000    ,  0.8162436    ,
           1980,            102,   9.310000    ,   2.335753    ,  -1.000000    ,  0.8124587    ,
           1980,            103,   9.320000    ,   2.333354    ,  -1.000000    ,  0.8089878    ,
           1980,            104,   9.260000    ,   2.404308    ,  -1.000000    ,  0.8074573    ,
           1980,            105,   9.450000    ,   2.583965    ,  -1.000000    ,  0.8070650    ,
           1980,            106,   8.400000    ,   2.549448    ,  -1.000000    ,  0.8023974    ,
           1980,            107,   8.110000    ,   2.413875    ,  -1.000000    ,  0.7979029    ,
           1980,            108,   9.420000    ,   3.137062    ,  -1.000000    ,  0.8003957    ,
           1980,            109,   9.780000    ,   3.539548    ,  -1.000000    ,  0.8105014    ,
           1980,            110,   9.570000    ,   6.204897    ,  -1.000000    ,  0.9191103    ,
           1980,            111,   9.540000    ,   15.57560    ,  -1.000000    ,  0.9090261    ,
           1980,            112,   9.960000    ,   6.340883    ,  -1.000000    ,  0.8459014    ,
           1980,            113,   10.30000    ,   15.48800    ,  -1.000000    ,  0.8092663    ,
           1980,            114,   11.10000    ,   36.96247    ,  -1.000000    ,   1.005491    ,
           1980,            115,   11.80000    ,   51.52113    ,  -1.000000    ,   1.237638    ,
           1980,            116,   11.70000    ,   63.46412    ,  -1.000000    ,   1.782800    ,
           1980,            117,   11.30000    ,   90.68644    ,  -1.000000    ,   12.83840    ,
           1980,            118,   10.90000    ,   101.6105    ,  -1.000000    ,   31.83360    ,
           1980,            119,   11.00000    ,   113.5524    ,  -1.000000    ,   45.20814    ,
           1980,            120,   11.70000    ,   102.9856    ,  -1.000000    ,   36.42648    ,
           1980,            121,   13.20000    ,   68.41032    ,  -1.000000    ,   35.94674    ,
           1980,            122,   13.30000    ,   78.33163    ,  -1.000000    ,   34.66637    ,
           1980,            123,   13.40000    ,   76.77337    ,   3.600000    ,   28.38848    ,
           1980,            124,   14.50000    ,   75.03222    ,   3.800000    ,   21.95287    ,
           1980,            125,   15.80000    ,   71.86868    ,   4.110000    ,   14.77465    ,
           1980,            126,   17.40000    ,   70.20679    ,   4.600000    ,   15.37867    ,
           1980,            127,   17.20000    ,   67.83942    ,   4.560000    ,   24.71555    ,
           1980,            128,   16.80000    ,   131.4717    ,   4.520000    ,   60.07313    ,
           1980,            129,   15.90000    ,   105.8921    ,   4.480000    ,   12.65521    ,
           1980,            130,   15.40000    ,   49.08275    ,   4.460000    ,   6.692610    ,
           1980,            131,   15.40000    ,   38.19844    ,   4.450000    ,   7.155434    ,
           1980,            132,   15.70000    ,   37.52629    ,   4.430000    ,   10.91173    ,
           1980,            133,   15.80000    ,   36.54157    ,   4.390000    ,   9.027013    ,
           1980,            134,   15.00000    ,   38.24619    ,   4.310000    ,   8.742282    ,
           1980,            135,   14.60000    ,   37.90212    ,   4.350000    ,   8.457131    ,
           1980,            136,   14.90000    ,   49.87119    ,   4.510000    ,   20.61882    ,
           1980,            137,   15.50000    ,   58.53670    ,   5.110000    ,   21.24767    ,
           1980,            138,   17.30000    ,   60.68106    ,   6.050000    ,   19.05931    ,
           1980,            139,   20.90000    ,   55.29062    ,   7.190000    ,   11.09279    ,
           1980,            140,   26.70000    ,   39.51209    ,   8.500000    ,   5.836135    ,
           1980,            141,   32.00000    ,   37.29163    ,   9.320000    ,   37.28505    ,
           1980,            142,   34.30000    ,   135.6349    ,   10.10000    ,   95.92484    ,
           1980,            143,   37.30000    ,   253.5108    ,   12.00000    ,   78.84628    ,
           1980,            144,   52.10000    ,   165.2924    ,   15.20000    ,   40.11442    ,
           1980,            145,   60.60000    ,   176.0878    ,   15.50000    ,   27.98812    ,
           1980,            146,   56.10000    ,   68.17706    ,   14.80000    ,   12.14984    ,
           1980,            147,   53.60000    ,   171.2828    ,   14.00000    ,   10.98465    ,
           1980,            148,   52.40000    ,   88.49680    ,   13.20000    ,   4.386635    ,
           1980,            149,   50.20000    ,   36.36657    ,   12.90000    ,   10.88209    ,
           1980,            150,   51.20000    ,   79.16634    ,   13.20000    ,   19.91286    ,
           1980,            151,   50.20000    ,   99.91174    ,   12.80000    ,   7.303371    ,
           1980,            152,   50.10000    ,   98.66810    ,   13.20000    ,   3.227548    ,
           1980,            153,   48.50000    ,   27.33068    ,   12.70000    ,   14.23210    ,
           1980,            154,   46.60000    ,   156.5154    ,   12.30000    ,   41.95320    ,
           1980,            155,   47.80000    ,   245.2392    ,   12.20000    ,   47.46540    ,
           1980,            156,   50.60000    ,   164.2531    ,   12.50000    ,   35.48022    ,
           1980,            157,   60.80000    ,   98.49017    ,   13.60000    ,   23.13014    ,
           1980,            158,   76.00000    ,   69.80746    ,   15.70000    ,   14.40761    ,
           1980,            159,   89.60000    ,   45.77423    ,   19.10000    ,   20.35994    ,
           1980,            160,   102.0000    ,   44.48385    ,   21.60000    ,   12.09495    ,
           1980,            161,   111.0000    ,   38.39143    ,   24.80000    ,   8.778409    ,
           1980,            162,   129.0000    ,   56.70554    ,   29.40000    ,   21.85237    ,
           1980,            163,   138.0000    ,   43.02635    ,   31.60000    ,   3.979939    ,
           1980,            164,   130.0000    ,   32.14540    ,   30.20000    ,   3.553899    ,
           1980,            165,   113.0000    ,   35.22362    ,   26.00000    ,   1.644571    ,
           1980,            166,   100.0000    ,   31.49553    ,   22.20000    ,   1.194091    ,
           1980,            167,   95.20000    ,   36.01972    ,   20.50000    ,   1.027263    ,
           1980,            168,   102.0000    ,   39.67685    ,   20.30000    ,  0.9980589    ,
           1980,            169,   97.40000    ,   38.03239    ,   19.20000    ,   1.032058    ,
           1980,            170,   93.90000    ,   39.87658    ,   18.70000    ,  0.9886166    ,
           1980,            171,   96.20000    ,   41.23488    ,   19.10000    ,   1.339368    ,
           1980,            172,   103.0000    ,   39.79718    ,   20.20000    ,   1.147891    ,
           1980,            173,   102.0000    ,   42.55332    ,   20.00000    ,   1.053292    ,
           1980,            174,   103.0000    ,   34.59095    ,   20.40000    ,   1.009269    ,
           1980,            175,   117.0000    ,   23.80718    ,   22.50000    ,  0.9775171    ,
           1980,            176,   111.0000    ,   26.35541    ,   21.80000    ,  0.9724901    ,
           1980,            177,   108.0000    ,   26.71024    ,   21.90000    ,  0.9749033    ,
           1980,            178,   104.0000    ,   30.69707    ,   20.80000    ,  0.9922969    ,
           1980,            179,   103.0000    ,   22.73539    ,   20.90000    ,   1.521675    ,
           1980,            180,   112.0000    ,   27.19073    ,   22.70000    ,   1.152183    ,
           1980,            181,   120.0000    ,   32.93366    ,   25.30000    ,   1.029029    ,
           1980,            182,   131.0000    ,   23.41790    ,   28.50000    ,   1.009413    ,
           1980,            183,   147.0000    ,   34.93889    ,   31.90000    ,   1.027102    ,
           1980,            184,   151.0000    ,   42.75162    ,   33.80000    ,   1.046970    ,
           1980,            185,   153.0000    ,   40.28657    ,   34.80000    ,   1.054067    ,
           1980,            186,   139.0000    ,   35.32751    ,   31.70000    ,   1.059226    ,
           1980,            187,   128.0000    ,   32.39570    ,   29.90000    ,   1.057778    ,
           1980,            188,   121.0000    ,   30.92789    ,   28.10000    ,   1.072653    ,
           1980,            189,   113.0000    ,   40.46775    ,   25.10000    ,   1.103226    ,
           1980,            190,   106.0000    ,   43.92800    ,   23.40000    ,   1.121118    ,
           1980,            191,   102.0000    ,   42.33994    ,   23.00000    ,   1.116964    ,
           1980,            192,   108.0000    ,   34.51963    ,   24.50000    ,   1.090243    ,
           1980,            193,   112.0000    ,   30.47970    ,   26.70000    ,   1.235978    ,
           1980,            194,   115.0000    ,   43.60456    ,   28.30000    ,   11.48296    ,
           1980,            195,   121.0000    ,   44.09664    ,   30.10000    ,   1.854655    ,
           1980,            196,   129.0000    ,   32.29193    ,   32.20000    ,   1.179958    ,
           1980,            197,   135.0000    ,   33.43760    ,   35.10000    ,   1.131285    ,
           1980,            198,   141.0000    ,   32.18712    ,   38.00000    ,   1.151704    ,
           1980,            199,   130.0000    ,   33.28537    ,   33.80000    ,   1.279703    ,
           1980,            200,   118.0000    ,   27.53791    ,   30.70000    ,   1.182675    ,
           1980,            201,   112.0000    ,   27.11344    ,   29.10000    ,   1.277427    ,
           1980,            202,   111.0000    ,   36.06797    ,   29.70000    ,   1.317172    ,
           1980,            203,   117.0000    ,   42.30971    ,   32.30000    ,   1.351485    ,
           1980,            204,   123.0000    ,   46.78999    ,   34.50000    ,   1.463266    ,
           1980,            205,   124.0000    ,   45.34858    ,   35.70000    ,   1.524352    ,
           1980,            206,   125.0000    ,   41.11632    ,   37.70000    ,   1.339378    ,
           1980,            207,   126.0000    ,   41.18137    ,   38.70000    ,   1.317825    ,
           1980,            208,   122.0000    ,   40.08953    ,   37.10000    ,   1.394526    ,
           1980,            209,   119.0000    ,   39.56674    ,   35.90000    ,   1.433013    ,
           1980,            210,   113.0000    ,   40.20855    ,   33.60000    ,   1.450871    ,
           1980,            211,   106.0000    ,   39.77744    ,   31.90000    ,   1.422845    ,
           1980,            212,   109.0000    ,   36.07936    ,   34.50000    ,   1.575944    ,
           1980,            213,   110.0000    ,   36.91674    ,   34.60000    ,   1.637963    ,
           1980,            214,   105.0000    ,   35.21026    ,   33.80000    ,   1.774684    ,
           1980,            215,   108.0000    ,   27.24535    ,   34.60000    ,   1.739274    ,
           1980,            216,   106.0000    ,   23.04570    ,   33.30000    ,   1.703354    ,
           1980,            217,   99.60000    ,   27.82070    ,   31.10000    ,   1.676064    ,
           1980,            218,   100.0000    ,   59.18261    ,   29.60000    ,   10.26551    ,
           1980,            219,   99.70000    ,   96.10683    ,   29.30000    ,   13.29209    ,
           1980,            220,   96.10000    ,   88.28819    ,   30.10000    ,   4.142490    ,
           1980,            221,   97.50000    ,   36.54934    ,   30.40000    ,   2.085470    ,
           1980,            222,   91.30000    ,   34.61100    ,   28.20000    ,   1.571763    ,
           1980,            223,   86.40000    ,   32.78773    ,   27.30000    ,   1.474994    ,
           1980,            224,   85.70000    ,   37.53605    ,   27.50000    ,   6.879288    ,
           1980,            225,   83.50000    ,   58.05794    ,   26.60000    ,   5.437370    ,
           1980,            226,   79.70000    ,   37.97467    ,   24.40000    ,   1.615267    ,
           1980,            227,   73.60000    ,   33.31521    ,   22.00000    ,   1.327542    ,
           1980,            228,   69.80000    ,   29.30026    ,   20.10000    ,   1.281409    ,
           1980,            229,   64.20000    ,   28.43610    ,   18.00000    ,   1.266071    ,
           1980,            230,   60.80000    ,   19.12168    ,   16.50000    ,   1.241615    ,
           1980,            231,   57.20000    ,   19.60703    ,   15.60000    ,   1.255114    ,
           1980,            232,   55.20000    ,   25.39246    ,   15.30000    ,   1.255439    ,
           1980,            233,   53.90000    ,   22.92996    ,   15.00000    ,   1.244644    ,
           1980,            234,   52.20000    ,   20.43574    ,   13.70000    ,   1.230453    ,
           1980,            235,   48.70000    ,   21.83398    ,   12.30000    ,   1.233549    ,
           1980,            236,   45.60000    ,   25.43143    ,   11.70000    ,   1.243872    ,
           1980,            237,   44.30000    ,   21.52956    ,   12.10000    ,   1.934703    ,
           1980,            238,   44.60000    ,   22.99705    ,   12.90000    ,   1.583951    ,
           1980,            239,   45.80000    ,   24.65978    ,   13.90000    ,   1.273366    ,
           1980,            240,   47.40000    ,   21.92089    ,   14.90000    ,   1.243574    ,
           1980,            241,   49.10000    ,   17.66768    ,   14.10000    ,   1.229014    ,
           1980,            242,   45.70000    ,   19.99028    ,   12.60000    ,   1.209691    ,
           1980,            243,   43.30000    ,   17.02791    ,   11.90000    ,   1.209029    ,
           1980,            244,   45.00000    ,   16.58513    ,   11.60000    ,   1.215597    ,
           1980,            245,   42.80000    ,   18.64330    ,   10.60000    ,   1.200333    ,
           1980,            246,   40.80000    ,   20.50926    ,   10.40000    ,   3.030809    ,
           1980,            247,   41.20000    ,   42.49685    ,   11.00000    ,   10.96910    ,
           1980,            248,   46.20000    ,   27.48558    ,   10.80000    ,   3.954356    ,
           1980,            249,   44.40000    ,   22.60872    ,   10.00000    ,   2.275882    ,
           1980,            250,   41.20000    ,   23.93281    ,   9.130000    ,   1.878927    ,
           1980,            251,   38.60000    ,   20.36929    ,   8.530000    ,   5.088332    ,
           1980,            252,   36.30000    ,   51.30035    ,   8.040000    ,   18.93732    ,
           1980,            253,   40.80000    ,   28.40763    ,   9.520000    ,   1.955757    ,
           1980,            254,   43.90000    ,   23.60705    ,   8.850000    ,   1.383412    ,
           1980,            255,   40.50000    ,   22.48958    ,   8.580000    ,   1.280014    ,
           1980,            256,   38.30000    ,   27.35877    ,   7.950000    ,   31.26703    ,
           1980,            257,   36.10000    ,   168.8662    ,   7.750000    ,   50.73973    ,
           1980,            258,   36.70000    ,   69.17210    ,   7.780000    ,   5.552206    ,
           1980,            259,   36.20000    ,   20.48709    ,   7.690000    ,   2.467914    ,
           1980,            260,   36.30000    ,   17.46767    ,   7.980000    ,   1.380911    ,
           1980,            261,   37.70000    ,   37.30871    ,   8.370000    ,   30.38585    ,
           1980,            262,   39.20000    ,   75.81749    ,   9.170000    ,   16.78596    ,
           1980,            263,   43.10000    ,   50.30064    ,   11.60000    ,   27.34790    ,
           1980,            264,   47.20000    ,   59.12424    ,   11.10000    ,   13.42362    ,
           1980,            265,   44.80000    ,   27.68179    ,   10.30000    ,   3.905748    ,
           1980,            266,   42.60000    ,   15.10203    ,   9.550000    ,   2.060033    ,
           1980,            267,   38.80000    ,   7.335365    ,   8.520000    ,   1.181078    ,
           1980,            268,   36.20000    ,   4.826073    ,   7.900000    ,   1.094784    ,
           1980,            269,   34.30000    ,   4.433979    ,   7.400000    ,   1.085475    ,
           1980,            270,   32.40000    ,   4.778489    ,   7.050000    ,   1.083087    ,
           1980,            271,   30.80000    ,   6.601051    ,   6.820000    ,   1.986807    ,
           1980,            272,   29.60000    ,   12.28760    ,   6.580000    ,   5.192969    ,
           1980,            273,   29.00000    ,   19.03440    ,   6.400000    ,   13.27308    ,
           1980,            274,   28.40000    ,   115.2691    ,   6.360000    ,   18.99575    ,
           1980,            275,   30.30000    ,   37.91266    ,   7.230000    ,   3.956568    ,
           1980,            276,   33.90000    ,   12.67725    ,   6.930000    ,   1.259619    ,
           1980,            277,   31.30000    ,   10.31995    ,   6.260000    ,   1.231961    ,
           1980,            278,   29.20000    ,   9.846603    ,   5.800000    ,   1.352660    ,
           1980,            279,   27.90000    ,   9.980103    ,   5.490000    ,   1.678740    ,
           1980,            280,   25.80000    ,   10.97805    ,   5.020000    ,   2.019473    ,
           1980,            281,   24.70000    ,   12.67612    ,   4.740000    ,   2.607160    ,
           1980,            282,   24.60000    ,   13.21856    ,   4.570000    ,   3.228833    ,
           1980,            283,   23.90000    ,   9.054923    ,   4.480000    ,   1.671846    ,
           1980,            284,   23.20000    ,   4.937976    ,   4.390000    ,   1.074443    ,
           1980,            285,   22.70000    ,   4.715541    ,   4.330000    ,   1.029776    ,
           1980,            286,   22.30000    ,   5.352236    ,   4.180000    ,   1.026182    ,
           1980,            287,   21.60000    ,   5.868717    ,   4.050000    ,   1.023328    ,
           1980,            288,   21.10000    ,   4.839646    ,   3.940000    ,   1.018409    ,
           1980,            289,   20.70000    ,   4.543083    ,   3.930000    ,   1.009951    ,
           1980,            290,   20.40000    ,   4.258989    ,   3.830000    ,   1.003962    ,
           1980,            291,   19.90000    ,   5.301399    ,   3.730000    ,   1.005354    ,
           1980,            292,   19.70000    ,   6.109205    ,   3.840000    ,   1.003952    ,
           1980,            293,   20.30000    ,   5.631996    ,   4.390000    ,  0.9982020    ,
           1980,            294,   21.90000    ,   5.656616    ,   4.550000    ,  0.9925840    ,
           1980,            295,   20.90000    ,   4.588824    ,   4.400000    ,  0.9860705    ,
           1980,            296,   21.00000    ,   3.257026    ,   4.470000    ,  0.9797137    ,
           1980,            297,   20.00000    ,   3.067507    ,   4.080000    ,  0.9755085    ,
           1980,            298,   19.30000    ,   3.037638    ,   3.940000    ,  0.9716000    ,
           1980,            299,   19.00000    ,   3.025837    ,   3.820000    ,  0.9677236    ,
           1980,            300,   18.60000    ,   3.015898    ,   3.710000    ,  0.9638564    ,
           1980,            301,   18.20000    ,   3.006129    ,   3.600000    ,  0.9599988    ,
           1980,            302,   18.00000    ,   2.996373    ,   3.520000    ,  0.9561502    ,
           1980,            303,   17.70000    ,   2.986592    ,   3.500000    ,  0.9523121    ,
           1980,            304,   17.50000    ,   2.976741    ,   3.430000    ,  0.9484859    ,
           1980,            305,   17.10000    ,   2.966817    ,   3.300000    ,  0.9446659    ,
           1980,            306,   16.20000    ,   2.956772    ,   3.180000    ,  0.9408497    ,
           1980,            307,   16.30000    ,   2.946286    ,  -1.000000    ,  0.9370432    ,
           1980,            308,   14.80000    ,   2.935104    ,  -1.000000    ,  0.9332473    ,
           1980,            309,   14.90000    ,   2.923392    ,  -1.000000    ,  0.9294567    ,
           1980,            310,   16.20000    ,   2.911483    ,  -1.000000    ,  0.9256386    ,
           1980,            311,   15.70000    ,   2.899427    ,  -1.000000    ,  0.9217985    ,
           1980,            312,   12.60000    ,   2.887116    ,  -1.000000    ,  0.9179592    ,
           1980,            313,   11.40000    ,   2.874599    ,  -1.000000    ,  0.9141092    ,
           1980,            314,   11.00000    ,   2.861996    ,  -1.000000    ,  0.9102073    ,
           1980,            315,   10.40000    ,   2.849339    ,  -1.000000    ,  0.9062872    ,
           1980,            316,   10.00000    ,   2.836680    ,  -1.000000    ,  0.9023676    ,
           1980,            317,   9.880000    ,   2.824052    ,  -1.000000    ,  0.8984182    ,
           1980,            318,   9.520000    ,   2.811449    ,  -1.000000    ,  0.8944325    ,
           1980,            319,   9.610000    ,   2.798863    ,  -1.000000    ,  0.8904550    ,
           1980,            320,   9.580000    ,   2.786311    ,  -1.000000    ,  0.8864765    ,
           1980,            321,   9.890000    ,   2.773805    ,  -1.000000    ,  0.8824782    ,
           1980,            322,   10.30000    ,   2.761319    ,  -1.000000    ,  0.8784198    ,
           1980,            323,   10.10000    ,   2.748839    ,  -1.000000    ,  0.8743124    ,
           1980,            324,   10.50000    ,   2.736363    ,  -1.000000    ,  0.8702108    ,
           1980,            325,   10.80000    ,   2.723902    ,  -1.000000    ,  0.8661277    ,
           1980,            326,   10.40000    ,   2.711491    ,  -1.000000    ,  0.8620665    ,
           1980,            327,   10.40000    ,   2.699114    ,  -1.000000    ,  0.8580238    ,
           1980,            328,   10.90000    ,   2.686804    ,  -1.000000    ,  0.8539975    ,
           1980,            329,   11.20000    ,   2.674563    ,  -1.000000    ,  0.8499911    ,
           1980,            330,   12.00000    ,   2.662370    ,  -1.000000    ,  0.8460019    ,
           1980,            331,   12.60000    ,   2.650230    ,  -1.000000    ,  0.8420337    ,
           1980,            332,   13.00000    ,   2.638124    ,  -1.000000    ,  0.8380823    ,
           1980,            333,   13.20000    ,   2.626079    ,  -1.000000    ,  0.8341481    ,
           1980,            334,   12.90000    ,   2.614092    ,  -1.000000    ,  0.8302339    ,
           1980,            335,   12.20000    ,   2.602145    ,  -1.000000    ,  0.8263419    ,
           1980,            336,   12.70000    ,   2.590244    ,  -1.000000    ,  0.8224681    ,
           1980,            337,   12.60000    ,   2.578390    ,  -1.000000    ,  0.8186155    ,
           1980,            338,   12.40000    ,   2.566579    ,  -1.000000    ,  0.8147855    ,
           1980,            339,   12.60000    ,   2.554817    ,  -1.000000    ,  0.8109779    ,
           1980,            340,   11.30000    ,   2.543085    ,  -1.000000    ,  0.8071919    ,
           1980,            341,   11.30000    ,   2.531389    ,  -1.000000    ,  0.8034295    ,
           1980,            342,   10.10000    ,   2.519727    ,  -1.000000    ,  0.7996888    ,
           1980,            343,   9.660000    ,   2.508100    ,  -1.000000    ,  0.7959702    ,
           1980,            344,   8.600000    ,   2.496528    ,  -1.000000    ,  0.7922740    ,
           1980,            345,   8.490000    ,   2.484999    ,  -1.000000    ,  0.7885985    ,
           1980,            346,   7.990000    ,   2.473502    ,  -1.000000    ,  0.7849465    ,
           1980,            347,   7.880000    ,   2.462051    ,  -1.000000    ,  0.7813143    ,
           1980,            348,   7.960000    ,   2.450670    ,  -1.000000    ,  0.7777047    ,
           1980,            349,   8.080000    ,   2.439352    ,  -1.000000    ,  0.7741157    ,
           1980,            350,   8.240000    ,   2.428099    ,  -1.000000    ,  0.7705480    ,
           1980,            351,   8.550000    ,   2.416922    ,  -1.000000    ,  0.7670011    ,
           1980,            352,   8.630000    ,   2.405798    ,  -1.000000    ,  0.7634747    ,
           1980,            353,   9.040000    ,   2.394746    ,  -1.000000    ,  0.7599697    ,
           1980,            354,   9.360000    ,   2.383754    ,  -1.000000    ,  0.7564842    ,
           1980,            355,   10.10000    ,   2.372828    ,  -1.000000    ,  0.7530200    ,
           1980,            356,   10.00000    ,   2.361965    ,  -1.000000    ,  0.7495749    ,
           1980,            357,   9.460000    ,   2.351167    ,  -1.000000    ,  0.7461510    ,
           1980,            358,   10.10000    ,   2.340430    ,  -1.000000    ,  0.7427458    ,
           1980,            359,   10.60000    ,   2.329757    ,  -1.000000    ,  0.7393617    ,
           1980,            360,   10.90000    ,   2.319144    ,  -1.000000    ,  0.7359958    ,
           1980,            361,   10.90000    ,   2.308590    ,  -1.000000    ,  0.7326505    ,
           1980,            362,   10.90000    ,   2.414827    ,  -1.000000    ,  0.7293234    ,
           1980,            363,   10.80000    ,   2.309934    ,  -1.000000    ,  0.7260165    ,
           1980,            364,   10.70000    ,   2.278012    ,  -1.000000    ,  0.7227282    ,
           1980,            365,   10.40000    ,   2.267052    ,  -1.000000    ,  0.7194591    ,
           1980,            366,   10.20000    ,   2.256747    ,  -1.000000    ,  0.7162083    ,
